booking_source,cancellation_rate
Web,0.5252881674900024
OTA,0.49542654470785885
Travel Agent,0.36675603217158176
Corporate,0.19004234569485437
Walk - In,0.17519716723000162
