booking_source,cancellation_rate
Web,0.5062338273347448
OTA,0.4804617012009209
Travel Agent,0.328686327077748
Corporate,0.07237264211471833
Direct / Front Desk,0.05649444712699179
