Booking_Source,bookings,gross_revenue,net_revenue,avg_commission,commission_paid,net_per_booking,gross_per_booking
Corporate,14458,148256484.12,148256484.12,0.0,0.0,10254.29,10254.29
OTA,16699,150779100.83,124431626.36,17.49298161566561,26347474.47,7451.44,9029.23
Direct / Front Desk,11724,106769127.51,106769127.51,0.0,0.0,9106.89,9106.89
Travel Agent,3756,33724987.73,33724987.73,0.0,0.0,8978.96,8978.96
Web,2099,18423962.98,15199669.07,17.515007146260125,3224293.91,7241.39,8777.5
